file name,emotions,happy,angry,sad,neutral,fearful,surprised,disgusted,cluster
scary0096.jpg," , Sad",0,0,1,0,0,0,0,0
actions0178.jpeg, ,0,0,0,0,0,0,0,0
scary0082.jpg," , Angry, Fearful",0,1,0,0,1,0,0,4
sad0032.jpeg, ,0,0,0,0,0,0,0,0
suprised0026.jpg," , Surprised",0,0,0,0,0,1,0,2
actions0197.jpeg, ,0,0,0,0,0,0,0,0
suprised0005.jpeg," , Surprised",0,0,0,0,0,1,0,2
suprised0032.jpg," , Surprised",0,0,0,0,0,1,0,2
scary0055.jpg, ,0,0,0,0,0,0,0,0
scary0041.jpg, ,0,0,0,0,0,0,0,0
scary0069.jpg, ,0,0,0,0,0,0,0,0
bored0149.jpeg, ,0,0,0,0,0,0,0,0
actions0085.jpeg, ,0,0,0,0,0,0,0,0
suprised0052.jpeg, ,0,0,0,0,0,0,0,0
moviescene0087.jpg, ,0,0,0,0,0,0,0,0
sad0065.jpeg, ,0,0,0,0,0,0,0,0
actions0071.jpg," , Fearful",0,0,0,0,1,0,0,4
moviescene0078.jpg, ,0,0,0,0,0,0,0,0
actions0065.jpg, ,0,0,0,0,0,0,0,0
moviescene0050.jpg," , Angry, Happy, Neutral",1,1,0,1,0,0,0,5
moviescene0044.jpg," , Fearful, Happy, Happy",2,0,0,0,1,0,0,6
actions0059.jpg," , Neutral",0,0,0,1,0,0,0,5
happy0063.jpg, ,0,0,0,0,0,0,0,0
actions0139.jpeg, ,0,0,0,0,0,0,0,0
actions0093.jpeg, ,0,0,0,0,0,0,0,0
happy0077.jpg," , Angry",0,1,0,0,0,0,0,0
sad0073.jpeg, ,0,0,0,0,0,0,0,0
suprised0044.jpeg," , Happy",1,0,0,0,0,0,0,6
bored0108.jpeg, ,0,0,0,0,0,0,0,0
sad0058.jpg, ,0,0,0,0,0,0,0,0
sad0064.jpg, ,0,0,0,0,0,0,0,0
suprised0013.jpeg," , Surprised, Surprised, Surprised, Surprised, Surprised",0,0,0,0,0,5,0,2
actions0181.jpeg, ,0,0,0,0,0,0,0,0
sad0024.jpeg, ,0,0,0,0,0,0,0,0
sad0070.jpg, ,0,0,0,0,0,0,0,0
scary0121.jpg, ,0,0,0,0,0,0,0,0
scary0135.jpg, ,0,0,0,0,0,0,0,0
scary0109.jpg, ,0,0,0,0,0,0,0,0
suprised0068.jpeg, ,0,0,0,0,0,0,0,0
scary0108.jpg," , Angry",0,1,0,0,0,0,0,0
actions0050.jpeg, ,0,0,0,0,0,0,0,0
happy0030.jpeg," , Happy",1,0,0,0,0,0,0,6
actions0115.jpeg, ,0,0,0,0,0,0,0,0
scary0134.jpg," , Neutral, Neutral",0,0,0,2,0,0,0,5
scary0120.jpg, ,0,0,0,0,0,0,0,0
sad0071.jpg, ,0,0,0,0,0,0,0,0
bored0124.jpeg," , Fearful",0,0,0,0,1,0,0,4
sad0065.jpg, ,0,0,0,0,0,0,0,0
sad0059.jpg, ,0,0,0,0,0,0,0,0
bored0061.jpeg, ,0,0,0,0,0,0,0,0
moviescene0021.jpeg, ,0,0,0,0,0,0,0,0
actions0007.jpeg," , Neutral",0,0,0,1,0,0,0,5
sad0008.jpeg, ,0,0,0,0,0,0,0,0
actions0142.jpeg, ,0,0,0,0,0,0,0,0
happy0067.jpeg, ,0,0,0,0,0,0,0,0
bored0173.jpeg, ,0,0,0,0,0,0,0,0
bored0036.jpeg," , Neutral",0,0,0,1,0,0,0,5
happy0076.jpg," , Happy",1,0,0,0,0,0,0,6
happy0062.jpg, ,0,0,0,0,0,0,0,0
moviescene0045.jpg, ,0,0,0,0,0,0,0,0
suprised0029.jpeg," , Surprised",0,0,0,0,0,1,0,2
actions0058.jpg, ,0,0,0,0,0,0,0,0
moviescene0051.jpg," , Neutral, Neutral, Surprised",0,0,0,2,0,1,0,5
actions0011.jpeg," , Fearful, Sad, Sad",0,0,2,0,1,0,0,4
moviescene0079.jpg, ,0,0,0,0,0,0,0,0
actions0154.jpeg, ,0,0,0,0,0,0,0,0
actions0064.jpg," , Angry, Angry, Happy, Happy, Neutral, Neutral",2,2,0,2,0,0,0,5
actions0070.jpg, ,0,0,0,0,0,0,0,0
moviescene0086.jpg," , Fearful, Fearful, Fearful, Happy",1,0,0,0,3,0,0,4
bored0165.jpeg," , Surprised",0,0,0,0,0,1,0,2
moviescene0060.jpeg, ,0,0,0,0,0,0,0,0
bored0020.jpeg, ,0,0,0,0,0,0,0,0
sad0049.jpeg, ,0,0,0,0,0,0,0,0
actions0046.jpeg, ,0,0,0,0,0,0,0,0
scary0068.jpg," , Happy",1,0,0,0,0,0,0,6
scary0040.jpg," , Fearful",0,0,0,0,1,0,0,4
scary0054.jpg, ,0,0,0,0,0,0,0,0
actions0103.jpeg, ,0,0,0,0,0,0,0,0
happy0026.jpeg, ,0,0,0,0,0,0,0,0
suprised0033.jpg," , Surprised",0,0,0,0,0,1,0,2
bored0132.jpeg," , Neutral",0,0,0,1,0,0,0,5
bored0098.jpeg, ,0,0,0,0,0,0,0,0
suprised0027.jpg," , Surprised",0,0,0,0,0,1,0,2
moviescene0037.jpeg, ,0,0,0,0,0,0,0,0
bored0077.jpeg, ,0,0,0,0,0,0,0,0
scary0083.jpg," , Angry",0,1,0,0,0,0,0,0
scary0097.jpg, ,0,0,0,0,0,0,0,0
scary0081.jpg, ,0,0,0,0,0,0,0,0
suprised0019.jpg, ,0,0,0,0,0,0,0,0
scary0095.jpg," , Disgusted",0,0,0,0,0,0,1,0
moviescene0040.jpeg, ,0,0,0,0,0,0,0,0
bored0145.jpeg, ,0,0,0,0,0,0,0,0
suprised0031.jpg," , Happy",1,0,0,0,0,0,0,6
suprised0025.jpg," , Happy",1,0,0,0,0,0,0,6
scary0042.jpg, ,0,0,0,0,0,0,0,0
happy0051.jpeg, ,0,0,0,0,0,0,0,0
actions0174.jpeg, ,0,0,0,0,0,0,0,0
scary0056.jpg," , Happy",1,0,0,0,0,0,0,6
suprised0009.jpeg," , Surprised",0,0,0,0,0,1,0,2
actions0031.jpeg, ,0,0,0,0,0,0,0,0
moviescene0017.jpeg, ,0,0,0,0,0,0,0,0
bored0057.jpeg, ,0,0,0,0,0,0,0,0
moviescene0084.jpg, ,0,0,0,0,0,0,0,0
bored0112.jpeg, ,0,0,0,0,0,0,0,0
actions0066.jpg, ,0,0,0,0,0,0,0,0
actions0123.jpeg, ,0,0,0,0,0,0,0,0
actions0089.jpeg, ,0,0,0,0,0,0,0,0
sad0086.jpeg, ,0,0,0,0,0,0,0,0
happy0006.jpeg, ,0,0,0,0,0,0,0,0
sad0069.jpeg, ,0,0,0,0,0,0,0,0
actions0066.jpeg, ,0,0,0,0,0,0,0,0
moviescene0047.jpg, ,0,0,0,0,0,0,0,0
moviescene0053.jpg," , Surprised",0,0,0,0,0,1,0,2
happy0074.jpg, ,0,0,0,0,0,0,0,0
bored0041.jpeg, ,0,0,0,0,0,0,0,0
happy0060.jpg, ,0,0,0,0,0,0,0,0
moviescene0001.jpeg," , Fearful, Happy",1,0,0,0,1,0,0,4
happy0048.jpg, ,0,0,0,0,0,0,0,0
bored0104.jpeg, ,0,0,0,0,0,0,0,0
sad0090.jpeg, ,0,0,0,0,0,0,0,0
happy0010.jpeg," , Happy",1,0,0,0,0,0,0,6
actions0135.jpeg, ,0,0,0,0,0,0,0,0
suprised0048.jpeg," , Surprised",0,0,0,0,0,1,0,2
actions0070.jpeg, ,0,0,0,0,0,0,0,0
bored0016.jpeg, ,0,0,0,0,0,0,0,0
moviescene0056.jpeg," , Happy",1,0,0,0,0,0,0,6
bored0249.jpg," , Happy",1,0,0,0,0,0,0,6
bored0153.jpeg, ,0,0,0,0,0,0,0,0
sad0067.jpg, ,0,0,0,0,0,0,0,0
scary0136.jpg, ,0,0,0,0,0,0,0,0
actions0162.jpeg, ,0,0,0,0,0,0,0,0
scary0122.jpg," , Fearful, Fearful",0,0,0,0,2,0,0,4
happy0047.jpeg," , Happy",1,0,0,0,0,0,0,6
actions0027.jpeg, ,0,0,0,0,0,0,0,0
sad0028.jpeg, ,0,0,0,0,0,0,0,0
bored0128.jpeg, ,0,0,0,0,0,0,0,0
bored0082.jpeg," , Fearful",0,0,0,0,1,0,0,4
scary0123.jpg, ,0,0,0,0,0,0,0,0
scary0137.jpg, ,0,0,0,0,0,0,0,0
sad0053.jpeg, ,0,0,0,0,0,0,0,0
sad0066.jpg," , Fearful",0,0,0,0,1,0,0,4
suprised0064.jpeg," , Surprised",0,0,0,0,0,1,0,2
bored0248.jpg, ,0,0,0,0,0,0,0,0
actions0119.jpeg, ,0,0,0,0,0,0,0,0
suprised0033.jpeg, ,0,0,0,0,0,0,0,0
happy0049.jpg," , Happy, Happy",2,0,0,0,0,0,0,6
sad0004.jpeg, ,0,0,0,0,0,0,0,0
happy0061.jpg, ,0,0,0,0,0,0,0,0
happy0075.jpg," , Happy, Neutral, Sad",1,0,1,1,0,0,0,5
moviescene0052.jpg, ,0,0,0,0,0,0,0,0
bored0169.jpeg, ,0,0,0,0,0,0,0,0
moviescene0046.jpg, ,0,0,0,0,0,0,0,0
actions0067.jpg, ,0,0,0,0,0,0,0,0
sad0012.jpeg, ,0,0,0,0,0,0,0,0
suprised0025.jpeg, ,0,0,0,0,0,0,0,0
moviescene0085.jpg, ,0,0,0,0,0,0,0,0
actions0158.jpeg, ,0,0,0,0,0,0,0,0
bored0094.jpeg, ,0,0,0,0,0,0,0,0
scary0057.jpg," , Happy",1,0,0,0,0,0,0,6
scary0043.jpg," , Neutral",0,0,0,1,0,0,0,5
suprised0024.jpg, ,0,0,0,0,0,0,0,0
suprised0072.jpeg," , Surprised",0,0,0,0,0,1,0,2
suprised0030.jpg," , Surprised",0,0,0,0,0,1,0,2
sad0045.jpeg, ,0,0,0,0,0,0,0,0
suprised0018.jpg," , Surprised",0,0,0,0,0,1,0,2
sad0100.jpeg, ,0,0,0,0,0,0,0,0
scary0094.jpg, ,0,0,0,0,0,0,0,0
scary0080.jpg," , Fearful, Sad",0,0,1,0,1,0,0,4
suprised0034.jpg," , Surprised",0,0,0,0,0,1,0,2
suprised0073.jpeg, ,0,0,0,0,0,0,0,0
suprised0020.jpg," , Surprised",0,0,0,0,0,1,0,2
sad0044.jpeg, ,0,0,0,0,0,0,0,0
suprised0008.jpg, ,0,0,0,0,0,0,0,0
sad0101.jpeg, ,0,0,0,0,0,0,0,0
scary0084.jpg," , Angry, Fearful",0,1,0,0,1,0,0,4
scary0090.jpg, ,0,0,0,0,0,0,0,0
bored0095.jpeg, ,0,0,0,0,0,0,0,0
scary0047.jpg, ,0,0,0,0,0,0,0,0
scary0053.jpg," , Angry, Fearful",0,1,0,0,1,0,0,4
sad0013.jpeg, ,0,0,0,0,0,0,0,0
moviescene0081.jpg, ,0,0,0,0,0,0,0,0
suprised0024.jpeg," , Surprised",0,0,0,0,0,1,0,2
actions0159.jpeg," , Neutral",0,0,0,1,0,0,0,5
moviescene0042.jpg, ,0,0,0,0,0,0,0,0
bored0168.jpeg, ,0,0,0,0,0,0,0,0
moviescene0056.jpg," , Fearful",0,0,0,0,1,0,0,4
actions0063.jpg, ,0,0,0,0,0,0,0,0
suprised0032.jpeg," , Surprised",0,0,0,0,0,1,0,2
happy0059.jpg, ,0,0,0,0,0,0,0,0
sad0005.jpeg, ,0,0,0,0,0,0,0,0
happy0071.jpg," , Happy",1,0,0,0,0,0,0,6
happy0065.jpg, ,0,0,0,0,0,0,0,0
sad0052.jpeg, ,0,0,0,0,0,0,0,0
sad0062.jpg, ,0,0,0,0,0,0,0,0
suprised0065.jpeg," , Surprised",0,0,0,0,0,1,0,2
actions0118.jpeg," , Fearful",0,0,0,0,1,0,0,4
bored0129.jpeg, ,0,0,0,0,0,0,0,0
bored0083.jpeg, ,0,0,0,0,0,0,0,0
scary0133.jpg, ,0,0,0,0,0,0,0,0
scary0127.jpg," , Neutral",0,0,0,1,0,0,0,5
scary0126.jpg, ,0,0,0,0,0,0,0,0
actions0163.jpeg," , Sad",0,0,1,0,0,0,0,0
scary0132.jpg," , Angry",0,1,0,0,0,0,0,0
happy0046.jpeg, ,0,0,0,0,0,0,0,0
sad0029.jpeg, ,0,0,0,0,0,0,0,0
actions0026.jpeg," , Angry",0,1,0,0,0,0,0,0
moviescene0057.jpeg," , Neutral, Neutral, Sad",0,0,1,2,0,0,0,5
bored0017.jpeg, ,0,0,0,0,0,0,0,0
sad0063.jpg, ,0,0,0,0,0,0,0,0
bored0152.jpeg, ,0,0,0,0,0,0,0,0
happy0011.jpeg, ,0,0,0,0,0,0,0,0
sad0091.jpeg, ,0,0,0,0,0,0,0,0
actions0134.jpeg," , Angry",0,1,0,0,0,0,0,0
suprised0049.jpeg," , Surprised",0,0,0,0,0,1,0,2
actions0071.jpeg, ,0,0,0,0,0,0,0,0
happy0064.jpg, ,0,0,0,0,0,0,0,0
happy0070.jpg, ,0,0,0,0,0,0,0,0
bored0040.jpeg, ,0,0,0,0,0,0,0,0
happy0058.jpg," , Happy",1,0,0,0,0,0,0,6
bored0105.jpeg, ,0,0,0,0,0,0,0,0
actions0122.jpeg, ,0,0,0,0,0,0,0,0
happy0007.jpeg, ,0,0,0,0,0,0,0,0
sad0087.jpeg, ,0,0,0,0,0,0,0,0
actions0062.jpg," , Neutral",0,0,0,1,0,0,0,5
actions0088.jpeg, ,0,0,0,0,0,0,0,0
actions0067.jpeg, ,0,0,0,0,0,0,0,0
sad0068.jpeg, ,0,0,0,0,0,0,0,0
moviescene0057.jpg," , Happy",1,0,0,0,0,0,0,6
moviescene0043.jpg, ,0,0,0,0,0,0,0,0
bored0056.jpeg, ,0,0,0,0,0,0,0,0
moviescene0016.jpeg, ,0,0,0,0,0,0,0,0
moviescene0080.jpg," , Happy",1,0,0,0,0,0,0,6
bored0113.jpeg, ,0,0,0,0,0,0,0,0
scary0052.jpg," , Fearful",0,0,0,0,1,0,0,4
happy0050.jpeg, ,0,0,0,0,0,0,0,0
actions0175.jpeg, ,0,0,0,0,0,0,0,0
scary0046.jpg," , Fearful",0,0,0,0,1,0,0,4
suprised0008.jpeg, ,0,0,0,0,0,0,0,0
actions0030.jpeg, ,0,0,0,0,0,0,0,0
scary0091.jpg, ,0,0,0,0,0,0,0,0
suprised0009.jpg, ,0,0,0,0,0,0,0,0
bored0001.jpeg," , Fearful",0,0,0,0,1,0,0,4
moviescene0041.jpeg, ,0,0,0,0,0,0,0,0
scary0085.jpg, ,0,0,0,0,0,0,0,0
bored0144.jpeg, ,0,0,0,0,0,0,0,0
suprised0021.jpg, ,0,0,0,0,0,0,0,0
suprised0035.jpg, ,0,0,0,0,0,0,0,0
suprised0023.jpg, ,0,0,0,0,0,0,0,0
bored0133.jpeg, ,0,0,0,0,0,0,0,0
bored0099.jpeg, ,0,0,0,0,0,0,0,0
suprised0037.jpg," , Surprised",0,0,0,0,0,1,0,2
bored0076.jpeg, ,0,0,0,0,0,0,0,0
moviescene0036.jpeg," , Happy",1,0,0,0,0,0,0,6
scary0093.jpg, ,0,0,0,0,0,0,0,0
scary0087.jpg, ,0,0,0,0,0,0,0,0
actions0047.jpeg, ,0,0,0,0,0,0,0,0
sad0048.jpeg, ,0,0,0,0,0,0,0,0
scary0078.jpg," , Neutral",0,0,0,1,0,0,0,5
scary0050.jpg, ,0,0,0,0,0,0,0,0
actions0102.jpeg," , Neutral, Neutral",0,0,0,2,0,0,0,5
scary0044.jpg," , Happy",1,0,0,0,0,0,0,6
happy0027.jpeg, ,0,0,0,0,0,0,0,0
bored0164.jpeg, ,0,0,0,0,0,0,0,0
moviescene0082.jpg, ,0,0,0,0,0,0,0,0
bored0021.jpeg, ,0,0,0,0,0,0,0,0
moviescene0061.jpeg," , Surprised, Surprised",0,0,0,0,0,2,0,2
moviescene0055.jpg, ,0,0,0,0,0,0,0,0
actions0048.jpg," , Sad",0,0,1,0,0,0,0,0
suprised0028.jpeg," , Surprised",0,0,0,0,0,1,0,2
moviescene0041.jpg, ,0,0,0,0,0,0,0,0
actions0010.jpeg, ,0,0,0,0,0,0,0,0
moviescene0069.jpg, ,0,0,0,0,0,0,0,0
actions0155.jpeg, ,0,0,0,0,0,0,0,0
actions0060.jpg," , Fearful, Fearful, Happy",1,0,0,0,2,0,0,4
bored0172.jpeg, ,0,0,0,0,0,0,0,0
bored0037.jpeg, ,0,0,0,0,0,0,0,0
happy0066.jpg, ,0,0,0,0,0,0,0,0
happy0072.jpg, ,0,0,0,0,0,0,0,0
sad0009.jpeg, ,0,0,0,0,0,0,0,0
actions0006.jpeg, ,0,0,0,0,0,0,0,0
actions0143.jpeg, ,0,0,0,0,0,0,0,0
happy0066.jpeg, ,0,0,0,0,0,0,0,0
bored0125.jpeg, ,0,0,0,0,0,0,0,0
sad0061.jpg, ,0,0,0,0,0,0,0,0
sad0049.jpg, ,0,0,0,0,0,0,0,0
moviescene0020.jpeg, ,0,0,0,0,0,0,0,0
bored0060.jpeg," , Happy",1,0,0,0,0,0,0,6
suprised0069.jpeg, ,0,0,0,0,0,0,0,0
scary0118.jpg, ,0,0,0,0,0,0,0,0
actions0051.jpeg, ,0,0,0,0,0,0,0,0
happy0031.jpeg, ,0,0,0,0,0,0,0,0
scary0124.jpg, ,0,0,0,0,0,0,0,0
actions0114.jpeg," , Angry",0,1,0,0,0,0,0,0
scary0130.jpg, ,0,0,0,0,0,0,0,0
scary0131.jpg, ,0,0,0,0,0,0,0,0
scary0125.jpg," , Happy",1,0,0,0,0,0,0,6
scary0119.jpg, ,0,0,0,0,0,0,0,0
sad0048.jpg, ,0,0,0,0,0,0,0,0
suprised0012.jpeg," , Neutral",0,0,0,1,0,0,0,5
actions0180.jpeg, ,0,0,0,0,0,0,0,0
sad0060.jpg, ,0,0,0,0,0,0,0,0
sad0025.jpeg, ,0,0,0,0,0,0,0,0
bored0109.jpeg," , Happy",1,0,0,0,0,0,0,6
happy0073.jpg, ,0,0,0,0,0,0,0,0
actions0138.jpeg, ,0,0,0,0,0,0,0,0
happy0067.jpg, ,0,0,0,0,0,0,0,0
actions0092.jpeg, ,0,0,0,0,0,0,0,0
sad0072.jpeg, ,0,0,0,0,0,0,0,0
suprised0045.jpeg," , Surprised",0,0,0,0,0,1,0,2
actions0061.jpg," , Neutral",0,0,0,1,0,0,0,5
moviescene0068.jpg, ,0,0,0,0,0,0,0,0
moviescene0040.jpg," , Fearful",0,0,0,0,1,0,0,4
moviescene0054.jpg, ,0,0,0,0,0,0,0,0
actions0049.jpg, ,0,0,0,0,0,0,0,0
actions0084.jpeg, ,0,0,0,0,0,0,0,0
moviescene0083.jpg, ,0,0,0,0,0,0,0,0
suprised0053.jpeg, ,0,0,0,0,0,0,0,0
sad0064.jpeg, ,0,0,0,0,0,0,0,0
scary0045.jpg, ,0,0,0,0,0,0,0,0
scary0051.jpg, ,0,0,0,0,0,0,0,0
scary0079.jpg, ,0,0,0,0,0,0,0,0
bored0148.jpeg, ,0,0,0,0,0,0,0,0
scary0086.jpg, ,0,0,0,0,0,0,0,0
actions0179.jpeg, ,0,0,0,0,0,0,0,0
scary0092.jpg, ,0,0,0,0,0,0,0,0
sad0033.jpeg, ,0,0,0,0,0,0,0,0
suprised0036.jpg," , Surprised",0,0,0,0,0,1,0,2
actions0196.jpeg," , Fearful",0,0,0,0,1,0,0,4
suprised0004.jpeg," , Surprised, Surprised",0,0,0,0,0,2,0,2
suprised0022.jpg, ,0,0,0,0,0,0,0,0
moviescene0046.jpeg, ,0,0,0,0,0,0,0,0
bored0006.jpeg, ,0,0,0,0,0,0,0,0
suprised0045.jpg, ,0,0,0,0,0,0,0,0
suprised0051.jpg, ,0,0,0,0,0,0,0,0
bored0143.jpeg, ,0,0,0,0,0,0,0,0
scary0036.jpg," , Sad",0,0,1,0,0,0,0,0
happy0057.jpeg, ,0,0,0,0,0,0,0,0
scary0022.jpg," , Angry, Happy, Happy, Surprised",2,1,0,0,0,1,0,6
actions0172.jpeg, ,0,0,0,0,0,0,0,0
sad0038.jpeg, ,0,0,0,0,0,0,0,0
actions0037.jpeg, ,0,0,0,0,0,0,0,0
moviescene0011.jpeg, ,0,0,0,0,0,0,0,0
bored0051.jpeg, ,0,0,0,0,0,0,0,0
bored0114.jpeg, ,0,0,0,0,0,0,0,0
actions0125.jpeg, ,0,0,0,0,0,0,0,0
bored0188.jpg," , Happy",1,0,0,0,0,0,0,6
actions0012.jpg, ,0,0,0,0,0,0,0,0
sad0080.jpeg, ,0,0,0,0,0,0,0,0
actions0006.jpg, ,0,0,0,0,0,0,0,0
scary0220.jpg," , Sad",0,0,1,0,0,0,0,0
moviescene0033.jpg, ,0,0,0,0,0,0,0,0
suprised0058.jpeg," , Surprised",0,0,0,0,0,1,0,2
scary0208.jpg," , Fearful",0,0,0,0,1,0,0,4
actions0060.jpeg, ,0,0,0,0,0,0,0,0
moviescene0027.jpg," , Happy",1,0,0,0,0,0,0,6
bored0047.jpeg, ,0,0,0,0,0,0,0,0
moviescene0007.jpeg, ,0,0,0,0,0,0,0,0
happy0014.jpg, ,0,0,0,0,0,0,0,0
happy0028.jpg," , Happy, Happy, Happy, Happy, Happy",5,0,0,0,0,0,0,1
bored0102.jpeg, ,0,0,0,0,0,0,0,0
sad0096.jpeg, ,0,0,0,0,0,0,0,0
happy0016.jpeg, ,0,0,0,0,0,0,0,0
actions0099.jpeg, ,0,0,0,0,0,0,0,0
actions0133.jpeg," , Fearful",0,0,0,0,1,0,0,4
actions0076.jpeg, ,0,0,0,0,0,0,0,0
sad0079.jpeg, ,0,0,0,0,0,0,0,0
scary0181.jpg, ,0,0,0,0,0,0,0,0
bored0229.jpg, ,0,0,0,0,0,0,0,0
bored0010.jpeg," , Surprised",0,0,0,0,0,1,0,2
scary0195.jpg," , Fearful",0,0,0,0,1,0,0,4
moviescene0050.jpeg, ,0,0,0,0,0,0,0,0
bored0155.jpeg, ,0,0,0,0,0,0,0,0
bored0201.jpg, ,0,0,0,0,0,0,0,0
sad0007.jpg, ,0,0,0,0,0,0,0,0
sad0013.jpg, ,0,0,0,0,0,0,0,0
bored0215.jpg, ,0,0,0,0,0,0,0,0
actions0164.jpeg," , Neutral",0,0,0,1,0,0,0,5
happy0041.jpeg," , Happy, Happy",2,0,0,0,0,0,0,6
scary0142.jpg, ,0,0,0,0,0,0,0,0
scary0156.jpg, ,0,0,0,0,0,0,0,0
suprised0019.jpeg, ,0,0,0,0,0,0,0,0
actions0021.jpeg, ,0,0,0,0,0,0,0,0
bored0084.jpeg, ,0,0,0,0,0,0,0,0
scary0157.jpg," , Fearful",0,0,0,0,1,0,0,4
scary0143.jpg," , Neutral",0,0,0,1,0,0,0,5
bored0214.jpg, ,0,0,0,0,0,0,0,0
suprised0062.jpeg, ,0,0,0,0,0,0,0,0
sad0012.jpg, ,0,0,0,0,0,0,0,0
sad0055.jpeg, ,0,0,0,0,0,0,0,0
sad0006.jpg, ,0,0,0,0,0,0,0,0
bored0200.jpg," , Surprised",0,0,0,0,0,1,0,2
scary0194.jpg," , Fearful",0,0,0,0,1,0,0,4
bored0228.jpg, ,0,0,0,0,0,0,0,0
scary0180.jpg, ,0,0,0,0,0,0,0,0
bored0179.jpeg, ,0,0,0,0,0,0,0,0
happy0029.jpg," , Happy, Happy, Happy, Happy",4,0,0,0,0,0,0,1
sad0002.jpeg, ,0,0,0,0,0,0,0,0
suprised0035.jpeg, ,0,0,0,0,0,0,0,0
happy0015.jpg, ,0,0,0,0,0,0,0,0
happy0001.jpg, ,0,0,0,0,0,0,0,0
actions0148.jpeg, ,0,0,0,0,0,0,0,0
moviescene0026.jpg, ,0,0,0,0,0,0,0,0
scary0209.jpg," , Fearful, Sad, Sad",0,0,2,0,1,0,0,4
moviescene0032.jpg, ,0,0,0,0,0,0,0,0
actions0007.jpg, ,0,0,0,0,0,0,0,0
bored0189.jpg, ,0,0,0,0,0,0,0,0
bored0180.jpeg, ,0,0,0,0,0,0,0,0
actions0013.jpg," , Angry, Fearful, Sad",0,1,1,0,1,0,0,4
suprised0023.jpeg," , Surprised",0,0,0,0,0,1,0,2
sad0014.jpeg, ,0,0,0,0,0,0,0,0
bored0092.jpeg," , Neutral, Surprised",0,0,0,1,0,1,0,2
bored0138.jpeg, ,0,0,0,0,0,0,0,0
scary0023.jpg, ,0,0,0,0,0,0,0,0
scary0037.jpg, ,0,0,0,0,0,0,0,0
sad0043.jpeg, ,0,0,0,0,0,0,0,0
suprised0050.jpg," , Surprised",0,0,0,0,0,1,0,2
suprised0044.jpg," , Fearful",0,0,0,0,1,0,0,4
suprised0074.jpeg," , Surprised",0,0,0,0,0,1,0,2
actions0109.jpeg, ,0,0,0,0,0,0,0,0
suprised0052.jpg," , Fearful",0,0,0,0,1,0,0,4
suprised0003.jpeg, ,0,0,0,0,0,0,0,0
sad0034.jpeg, ,0,0,0,0,0,0,0,0
actions0191.jpeg, ,0,0,0,0,0,0,0,0
suprised0046.jpg," , Surprised, Surprised, Surprised, Surprised, Surprised",0,0,0,0,0,5,0,2
scary0021.jpg, ,0,0,0,0,0,0,0,0
scary0035.jpg, ,0,0,0,0,0,0,0,0
scary0009.jpg, ,0,0,0,0,0,0,0,0
actions0083.jpeg, ,0,0,0,0,0,0,0,0
actions0129.jpeg," , Happy",1,0,0,0,0,0,0,6
sad0063.jpeg, ,0,0,0,0,0,0,0,0
suprised0054.jpeg, ,0,0,0,0,0,0,0,0
moviescene0018.jpg, ,0,0,0,0,0,0,0,0
actions0005.jpg, ,0,0,0,0,0,0,0,0
actions0011.jpg, ,0,0,0,0,0,0,0,0
moviescene0024.jpg, ,0,0,0,0,0,0,0,0
actions0039.jpg," , Angry",0,1,0,0,0,0,0,0
actions0200.jpeg, ,0,0,0,0,0,0,0,0
moviescene0030.jpg, ,0,0,0,0,0,0,0,0
bored0118.jpeg, ,0,0,0,0,0,0,0,0
actions0095.jpeg, ,0,0,0,0,0,0,0,0
happy0017.jpg," , Happy",1,0,0,0,0,0,0,6
happy0003.jpg," , Happy, Happy, Happy, Neutral, Sad",3,0,1,1,0,0,0,1
suprised0042.jpeg, ,0,0,0,0,0,0,0,0
sad0075.jpeg, ,0,0,0,0,0,0,0,0
scary0196.jpg, ,0,0,0,0,0,0,0,0
sad0038.jpg, ,0,0,0,0,0,0,0,0
scary0182.jpg," , Angry",0,1,0,0,0,0,0,0
actions0168.jpeg, ,0,0,0,0,0,0,0,0
actions0187.jpeg, ,0,0,0,0,0,0,0,0
sad0022.jpeg, ,0,0,0,0,0,0,0,0
sad0010.jpg, ,0,0,0,0,0,0,0,0
bored0216.jpg, ,0,0,0,0,0,0,0,0
bored0202.jpg," , Fearful",0,0,0,0,1,0,0,4
sad0004.jpg, ,0,0,0,0,0,0,0,0
suprised0015.jpeg, ,0,0,0,0,0,0,0,0
scary0155.jpg," , Surprised",0,0,0,0,0,1,0,2
scary0141.jpg," , Angry, Fearful",0,1,0,0,1,0,0,4
scary0169.jpg, ,0,0,0,0,0,0,0,0
bored0159.jpeg, ,0,0,0,0,0,0,0,0
actions0056.jpeg, ,0,0,0,0,0,0,0,0
sad0059.jpeg, ,0,0,0,0,0,0,0,0
scary0168.jpg, ,0,0,0,0,0,0,0,0
suprised0081.jpeg," , Surprised",0,0,0,0,0,1,0,2
scary0140.jpg, ,0,0,0,0,0,0,0,0
happy0036.jpeg, ,0,0,0,0,0,0,0,0
actions0113.jpeg, ,0,0,0,0,0,0,0,0
scary0154.jpg," , Neutral",0,0,0,1,0,0,0,5
sad0005.jpg, ,0,0,0,0,0,0,0,0
bored0203.jpg, ,0,0,0,0,0,0,0,0
bored0088.jpeg, ,0,0,0,0,0,0,0,0
bored0217.jpg, ,0,0,0,0,0,0,0,0
sad0011.jpg, ,0,0,0,0,0,0,0,0
bored0122.jpeg, ,0,0,0,0,0,0,0,0
scary0183.jpg, ,0,0,0,0,0,0,0,0
sad0039.jpg, ,0,0,0,0,0,0,0,0
bored0067.jpeg, ,0,0,0,0,0,0,0,0
moviescene0027.jpeg, ,0,0,0,0,0,0,0,0
scary0197.jpg, ,0,0,0,0,0,0,0,0
suprised0039.jpeg," , Fearful",0,0,0,0,1,0,0,4
actions0001.jpeg," , Neutral",0,0,0,1,0,0,0,5
actions0144.jpeg," , Sad",0,0,1,0,0,0,0,0
happy0061.jpeg, ,0,0,0,0,0,0,0,0
bored0175.jpeg," , Neutral",0,0,0,1,0,0,0,5
happy0002.jpg," , Happy, Happy, Happy, Neutral, Sad",3,0,1,1,0,0,0,1
bored0030.jpeg," , Neutral",0,0,0,1,0,0,0,5
happy0016.jpg," , Happy, Happy, Happy, Happy, Happy, Happy, Happy, Happy, Happy",9,0,0,0,0,0,0,3
sad0018.jpeg, ,0,0,0,0,0,0,0,0
actions0017.jpeg, ,0,0,0,0,0,0,0,0
moviescene0031.jpg," , Fearful",0,0,0,0,1,0,0,4
moviescene0025.jpg, ,0,0,0,0,0,0,0,0
actions0038.jpg, ,0,0,0,0,0,0,0,0
actions0010.jpg," , Sad",0,0,1,0,0,0,0,0
moviescene0019.jpg, ,0,0,0,0,0,0,0,0
actions0152.jpeg, ,0,0,0,0,0,0,0,0
actions0004.jpg, ,0,0,0,0,0,0,0,0
bored0163.jpeg, ,0,0,0,0,0,0,0,0
bored0026.jpeg, ,0,0,0,0,0,0,0,0
suprised0078.jpeg, ,0,0,0,0,0,0,0,0
scary0008.jpg, ,0,0,0,0,0,0,0,0
actions0040.jpeg, ,0,0,0,0,0,0,0,0
scary0034.jpg," , Sad",0,0,1,0,0,0,0,0
actions0105.jpeg, ,0,0,0,0,0,0,0,0
happy0020.jpeg, ,0,0,0,0,0,0,0,0
scary0020.jpg, ,0,0,0,0,0,0,0,0
bored0134.jpeg, ,0,0,0,0,0,0,0,0
suprised0047.jpg, ,0,0,0,0,0,0,0,0
suprised0053.jpg, ,0,0,0,0,0,0,0,0
moviescene0031.jpeg, ,0,0,0,0,0,0,0,0
bored0071.jpeg," , Fearful",0,0,0,0,1,0,0,4
bored0135.jpeg, ,0,0,0,0,0,0,0,0
suprised0057.jpg," , Happy",1,0,0,0,0,0,0,6
suprised0043.jpg," , Surprised",0,0,0,0,0,1,0,2
bored0070.jpeg, ,0,0,0,0,0,0,0,0
moviescene0030.jpeg, ,0,0,0,0,0,0,0,0
suprised0079.jpeg, ,0,0,0,0,0,0,0,0
scary0018.jpg, ,0,0,0,0,0,0,0,0
actions0041.jpeg, ,0,0,0,0,0,0,0,0
actions0104.jpeg, ,0,0,0,0,0,0,0,0
scary0024.jpg, ,0,0,0,0,0,0,0,0
happy0021.jpeg, ,0,0,0,0,0,0,0,0
scary0030.jpg, ,0,0,0,0,0,0,0,0
bored0162.jpeg," , Fearful",0,0,0,0,1,0,0,4
bored0027.jpeg, ,0,0,0,0,0,0,0,0
actions0016.jpeg, ,0,0,0,0,0,0,0,0
sad0019.jpeg, ,0,0,0,0,0,0,0,0
moviescene0021.jpg," , Angry, Fearful",0,1,0,0,1,0,0,4
moviescene0035.jpg, ,0,0,0,0,0,0,0,0
actions0028.jpg," , Angry, Angry, Angry, Fearful, Neutral, Neutral",0,3,0,2,1,0,0,5
actions0000.jpg, ,0,0,0,0,0,0,0,0
moviescene0009.jpg, ,0,0,0,0,0,0,0,0
actions0153.jpeg, ,0,0,0,0,0,0,0,0
actions0014.jpg," , Angry, Fearful, Fearful, Neutral, Sad, Sad, Sad",0,1,3,1,2,0,0,4
bored0174.jpeg, ,0,0,0,0,0,0,0,0
happy0012.jpg," , Happy, Surprised",1,0,0,0,0,1,0,2
bored0031.jpeg, ,0,0,0,0,0,0,0,0
happy0006.jpg," , Happy",1,0,0,0,0,0,0,6
suprised0038.jpeg," , Surprised",0,0,0,0,0,1,0,2
actions0145.jpeg, ,0,0,0,0,0,0,0,0
happy0060.jpeg," , Happy",1,0,0,0,0,0,0,6
sad0015.jpg, ,0,0,0,0,0,0,0,0
bored0213.jpg, ,0,0,0,0,0,0,0,0
bored0089.jpeg, ,0,0,0,0,0,0,0,0
bored0207.jpg," , Neutral",0,0,0,1,0,0,0,5
bored0123.jpeg," , Neutral",0,0,0,1,0,0,0,5
sad0001.jpg, ,0,0,0,0,0,0,0,0
sad0029.jpg, ,0,0,0,0,0,0,0,0
scary0193.jpg," , Surprised, Surprised",0,0,0,0,0,2,0,2
moviescene0026.jpeg," , Neutral",0,0,0,1,0,0,0,5
bored0066.jpeg, ,0,0,0,0,0,0,0,0
scary0187.jpg, ,0,0,0,0,0,0,0,0
sad0058.jpeg, ,0,0,0,0,0,0,0,0
actions0057.jpeg, ,0,0,0,0,0,0,0,0
scary0178.jpg," , Happy",1,0,0,0,0,0,0,6
scary0150.jpg," , Happy, Neutral",1,0,0,1,0,0,0,5
suprised0080.jpeg, ,0,0,0,0,0,0,0,0
happy0037.jpeg," , Happy",1,0,0,0,0,0,0,6
scary0144.jpg, ,0,0,0,0,0,0,0,0
actions0112.jpeg, ,0,0,0,0,0,0,0,0
scary0145.jpg, ,0,0,0,0,0,0,0,0
scary0151.jpg, ,0,0,0,0,0,0,0,0
scary0179.jpg," , Sad",0,0,1,0,0,0,0,0
bored0158.jpeg, ,0,0,0,0,0,0,0,0
scary0186.jpg," , Angry",0,1,0,0,0,0,0,0
scary0192.jpg, ,0,0,0,0,0,0,0,0
sad0028.jpg, ,0,0,0,0,0,0,0,0
actions0169.jpeg, ,0,0,0,0,0,0,0,0
actions0186.jpeg, ,0,0,0,0,0,0,0,0
sad0023.jpeg, ,0,0,0,0,0,0,0,0
bored0206.jpg, ,0,0,0,0,0,0,0,0
bored0212.jpg, ,0,0,0,0,0,0,0,0
sad0014.jpg, ,0,0,0,0,0,0,0,0
suprised0014.jpeg," , Surprised",0,0,0,0,0,1,0,2
happy0007.jpg," , Fearful, Fearful, Happy, Happy, Happy, Happy",4,0,0,0,2,0,0,1
actions0094.jpeg, ,0,0,0,0,0,0,0,0
happy0013.jpg," , Happy, Happy, Happy, Happy",4,0,0,0,0,0,0,1
suprised0043.jpeg," , Surprised",0,0,0,0,0,1,0,2
sad0074.jpeg, ,0,0,0,0,0,0,0,0
moviescene0008.jpg," , Happy",1,0,0,0,0,0,0,6
actions0015.jpg, ,0,0,0,0,0,0,0,0
actions0001.jpg," , Fearful, Neutral",0,0,0,1,1,0,0,5
moviescene0034.jpg," , Happy",1,0,0,0,0,0,0,6
actions0029.jpg," , Fearful",0,0,0,0,1,0,0,4
actions0201.jpeg, ,0,0,0,0,0,0,0,0
moviescene0020.jpg, ,0,0,0,0,0,0,0,0
bored0119.jpeg, ,0,0,0,0,0,0,0,0
actions0082.jpeg," , Neutral",0,0,0,1,0,0,0,5
actions0128.jpeg, ,0,0,0,0,0,0,0,0
sad0062.jpeg, ,0,0,0,0,0,0,0,0
suprised0055.jpeg," , Surprised",0,0,0,0,0,1,0,2
scary0031.jpg," , Happy",1,0,0,0,0,0,0,6
scary0025.jpg, ,0,0,0,0,0,0,0,0
scary0019.jpg, ,0,0,0,0,0,0,0,0
suprised0042.jpg, ,0,0,0,0,0,0,0,0
suprised0002.jpeg," , Surprised",0,0,0,0,0,1,0,2
sad0035.jpeg, ,0,0,0,0,0,0,0,0
actions0190.jpeg, ,0,0,0,0,0,0,0,0
suprised0056.jpg, ,0,0,0,0,0,0,0,0
sad0042.jpeg," , Neutral",0,0,0,1,0,0,0,5
suprised0040.jpg, ,0,0,0,0,0,0,0,0
suprised0054.jpg," , Happy",1,0,0,0,0,0,0,6
suprised0075.jpeg," , Fearful",0,0,0,0,1,0,0,4
suprised0068.jpg, ,0,0,0,0,0,0,0,0
actions0108.jpeg, ,0,0,0,0,0,0,0,0
bored0093.jpeg," , Fearful",0,0,0,0,1,0,0,4
bored0139.jpeg, ,0,0,0,0,0,0,0,0
scary0033.jpg, ,0,0,0,0,0,0,0,0
scary0027.jpg, ,0,0,0,0,0,0,0,0
suprised0022.jpeg," , Surprised",0,0,0,0,0,1,0,2
sad0015.jpeg, ,0,0,0,0,0,0,0,0
moviescene0036.jpg, ,0,0,0,0,0,0,0,0
scary0219.jpg, ,0,0,0,0,0,0,0,0
moviescene0022.jpg, ,0,0,0,0,0,0,0,0
actions0017.jpg," , Happy",1,0,0,0,0,0,0,6
bored0199.jpg, ,0,0,0,0,0,0,0,0
actions0003.jpg," , Fearful",0,0,0,0,1,0,0,4
bored0181.jpeg, ,0,0,0,0,0,0,0,0
happy0039.jpg," , Happy",1,0,0,0,0,0,0,6
sad0003.jpeg, ,0,0,0,0,0,0,0,0
suprised0034.jpeg," , Surprised",0,0,0,0,0,1,0,2
happy0005.jpg," , Happy, Happy",2,0,0,0,0,0,0,6
actions0149.jpeg, ,0,0,0,0,0,0,0,0
happy0011.jpg," , Fearful",0,0,0,0,1,0,0,4
bored0178.jpeg, ,0,0,0,0,0,0,0,0
bored0204.jpg, ,0,0,0,0,0,0,0,0
sad0002.jpg, ,0,0,0,0,0,0,0,0
suprised0063.jpeg, ,0,0,0,0,0,0,0,0
sad0054.jpeg, ,0,0,0,0,0,0,0,0
sad0016.jpg, ,0,0,0,0,0,0,0,0
bored0210.jpg, ,0,0,0,0,0,0,0,0
scary0184.jpg, ,0,0,0,0,0,0,0,0
bored0238.jpg," , Neutral, Neutral",0,0,0,2,0,0,0,5
scary0190.jpg, ,0,0,0,0,0,0,0,0
bored0085.jpeg, ,0,0,0,0,0,0,0,0
scary0147.jpg, ,0,0,0,0,0,0,0,0
scary0153.jpg, ,0,0,0,0,0,0,0,0
actions0165.jpeg, ,0,0,0,0,0,0,0,0
happy0040.jpeg, ,0,0,0,0,0,0,0,0
scary0152.jpg, ,0,0,0,0,0,0,0,0
scary0146.jpg, ,0,0,0,0,0,0,0,0
suprised0018.jpeg, ,0,0,0,0,0,0,0,0
actions0020.jpeg, ,0,0,0,0,0,0,0,0
scary0191.jpg, ,0,0,0,0,0,0,0,0
bored0239.jpg," , Neutral",0,0,0,1,0,0,0,5
moviescene0051.jpeg, ,0,0,0,0,0,0,0,0
scary0185.jpg, ,0,0,0,0,0,0,0,0
bored0011.jpeg, ,0,0,0,0,0,0,0,0
bored0154.jpeg, ,0,0,0,0,0,0,0,0
bored0211.jpg, ,0,0,0,0,0,0,0,0
sad0017.jpg, ,0,0,0,0,0,0,0,0
sad0003.jpg, ,0,0,0,0,0,0,0,0
bored0205.jpg," , Neutral",0,0,0,1,0,0,0,5
actions0098.jpeg, ,0,0,0,0,0,0,0,0
happy0017.jpeg, ,0,0,0,0,0,0,0,0
sad0097.jpeg, ,0,0,0,0,0,0,0,0
actions0132.jpeg," , Angry",0,1,0,0,0,0,0,0
sad0078.jpeg, ,0,0,0,0,0,0,0,0
actions0077.jpeg, ,0,0,0,0,0,0,0,0
happy0010.jpg," , Happy, Happy, Happy",3,0,0,0,0,0,0,1
moviescene0006.jpeg, ,0,0,0,0,0,0,0,0
bored0046.jpeg, ,0,0,0,0,0,0,0,0
happy0004.jpg," , Fearful",0,0,0,0,1,0,0,4
happy0038.jpg," , Happy, Happy",2,0,0,0,0,0,0,6
bored0103.jpeg, ,0,0,0,0,0,0,0,0
actions0124.jpeg, ,0,0,0,0,0,0,0,0
bored0198.jpg," , Fearful",0,0,0,0,1,0,0,4
happy0001.jpeg," , Fearful",0,0,0,0,1,0,0,4
sad0081.jpeg, ,0,0,0,0,0,0,0,0
actions0002.jpg, ,0,0,0,0,0,0,0,0
actions0016.jpg," , Sad",0,0,1,0,0,0,0,0
moviescene0023.jpg, ,0,0,0,0,0,0,0,0
suprised0059.jpeg," , Surprised",0,0,0,0,0,1,0,2
scary0218.jpg, ,0,0,0,0,0,0,0,0
actions0061.jpeg, ,0,0,0,0,0,0,0,0
moviescene0037.jpg, ,0,0,0,0,0,0,0,0
bored0050.jpeg, ,0,0,0,0,0,0,0,0
moviescene0010.jpeg," , Neutral",0,0,0,1,0,0,0,5
bored0115.jpeg, ,0,0,0,0,0,0,0,0
scary0026.jpg, ,0,0,0,0,0,0,0,0
happy0056.jpeg, ,0,0,0,0,0,0,0,0
scary0032.jpg, ,0,0,0,0,0,0,0,0
actions0173.jpeg, ,0,0,0,0,0,0,0,0
actions0036.jpeg, ,0,0,0,0,0,0,0,0
sad0039.jpeg, ,0,0,0,0,0,0,0,0
suprised0069.jpg, ,0,0,0,0,0,0,0,0
bored0007.jpeg, ,0,0,0,0,0,0,0,0
moviescene0047.jpeg, ,0,0,0,0,0,0,0,0
suprised0055.jpg," , Surprised",0,0,0,0,0,1,0,2
suprised0041.jpg," , Surprised",0,0,0,0,0,1,0,2
bored0142.jpeg, ,0,0,0,0,0,0,0,0
suprised0058.jpg," , Surprised",0,0,0,0,0,1,0,2
sad0104.jpeg," , Fearful",0,0,0,0,1,0,0,4
suprised0064.jpg," , Surprised",0,0,0,0,0,1,0,2
suprised0076.jpeg, ,0,0,0,0,0,0,0,0
sad0041.jpeg," , Fearful",0,0,0,0,1,0,0,4
suprised0070.jpg, ,0,0,0,0,0,0,0,0
scary0017.jpg, ,0,0,0,0,0,0,0,0
scary0003.jpg, ,0,0,0,0,0,0,0,0
bored0090.jpeg, ,0,0,0,0,0,0,0,0
sad0016.jpeg, ,0,0,0,0,0,0,0,0
actions0019.jpeg, ,0,0,0,0,0,0,0,0
suprised0021.jpeg, ,0,0,0,0,0,0,0,0
scary0215.jpg, ,0,0,0,0,0,0,0,0
bored0028.jpeg," , Fearful, Neutral",0,0,0,1,1,0,0,5
actions0033.jpg, ,0,0,0,0,0,0,0,0
bored0182.jpeg, ,0,0,0,0,0,0,0,0
actions0027.jpg, ,0,0,0,0,0,0,0,0
scary0201.jpg," , Fearful",0,0,0,0,1,0,0,4
bored0195.jpg, ,0,0,0,0,0,0,0,0
moviescene0012.jpg, ,0,0,0,0,0,0,0,0
moviescene0006.jpg," , Happy",1,0,0,0,0,0,0,6
happy0021.jpg," , Happy",1,0,0,0,0,0,0,6
happy0035.jpg," , Sad",0,0,1,0,0,0,0,0
suprised0037.jpeg," , Surprised",0,0,0,0,0,1,0,2
happy0009.jpg, ,0,0,0,0,0,0,0,0
bored0208.jpg, ,0,0,0,0,0,0,0,0
happy0038.jpeg," , Happy",1,0,0,0,0,0,0,6
actions0058.jpeg, ,0,0,0,0,0,0,0,0
sad0057.jpeg, ,0,0,0,0,0,0,0,0
sad0026.jpg, ,0,0,0,0,0,0,0,0
bored0220.jpg, ,0,0,0,0,0,0,0,0
bored0234.jpg," , Fearful",0,0,0,0,1,0,0,4
sad0032.jpg, ,0,0,0,0,0,0,0,0
scary0188.jpg, ,0,0,0,0,0,0,0,0
suprised0060.jpeg, ,0,0,0,0,0,0,0,0
bored0069.jpeg, ,0,0,0,0,0,0,0,0
moviescene0029.jpeg, ,0,0,0,0,0,0,0,0
scary0163.jpg, ,0,0,0,0,0,0,0,0
scary0177.jpg, ,0,0,0,0,0,0,0,0
bored0086.jpeg, ,0,0,0,0,0,0,0,0
actions0023.jpeg, ,0,0,0,0,0,0,0,0
actions0189.jpeg, ,0,0,0,0,0,0,0,0
scary0176.jpg," , Angry, Happy",1,1,0,0,0,0,0,6
actions0166.jpeg, ,0,0,0,0,0,0,0,0
happy0043.jpeg," , Happy",1,0,0,0,0,0,0,6
scary0162.jpg, ,0,0,0,0,0,0,0,0
scary0189.jpg, ,0,0,0,0,0,0,0,0
sad0033.jpg, ,0,0,0,0,0,0,0,0
bored0235.jpg, ,0,0,0,0,0,0,0,0
bored0157.jpeg, ,0,0,0,0,0,0,0,0
bored0221.jpg, ,0,0,0,0,0,0,0,0
sad0027.jpg, ,0,0,0,0,0,0,0,0
bored0209.jpg, ,0,0,0,0,0,0,0,0
moviescene0052.jpeg, ,0,0,0,0,0,0,0,0
bored0012.jpeg, ,0,0,0,0,0,0,0,0
actions0074.jpeg, ,0,0,0,0,0,0,0,0
happy0014.jpeg, ,0,0,0,0,0,0,0,0
sad0094.jpeg, ,0,0,0,0,0,0,0,0
actions0131.jpeg, ,0,0,0,0,0,0,0,0
happy0008.jpg," , Happy",1,0,0,0,0,0,0,6
bored0100.jpeg, ,0,0,0,0,0,0,0,0
happy0034.jpg," , Angry, Fearful, Happy, Happy, Happy, Neutral, Sad",3,1,1,1,1,0,0,1
moviescene0005.jpeg, ,0,0,0,0,0,0,0,0
happy0020.jpg, ,0,0,0,0,0,0,0,0
bored0045.jpeg, ,0,0,0,0,0,0,0,0
actions0062.jpeg," , Angry",0,1,0,0,0,0,0,0
moviescene0007.jpg, ,0,0,0,0,0,0,0,0
moviescene0013.jpg," , Fearful",0,0,0,0,1,0,0,4
bored0194.jpg, ,0,0,0,0,0,0,0,0
actions0026.jpg," , Sad",0,0,1,0,0,0,0,0
scary0200.jpg," , Sad",0,0,1,0,0,0,0,0
actions0127.jpeg, ,0,0,0,0,0,0,0,0
scary0214.jpg," , Neutral",0,0,0,1,0,0,0,5
happy0002.jpeg," , Happy, Happy, Happy, Neutral",3,0,0,1,0,0,0,1
sad0082.jpeg, ,0,0,0,0,0,0,0,0
actions0032.jpg, ,0,0,0,0,0,0,0,0
bored0116.jpeg, ,0,0,0,0,0,0,0,0
bored0053.jpeg, ,0,0,0,0,0,0,0,0
moviescene0013.jpeg," , Sad",0,0,1,0,0,0,0,0
actions0035.jpeg, ,0,0,0,0,0,0,0,0
happy0055.jpeg, ,0,0,0,0,0,0,0,0
scary0002.jpg, ,0,0,0,0,0,0,0,0
actions0170.jpeg, ,0,0,0,0,0,0,0,0
scary0016.jpg," , Angry",0,1,0,0,0,0,0,0
suprised0071.jpg," , Surprised",0,0,0,0,0,1,0,2
bored0141.jpeg, ,0,0,0,0,0,0,0,0
suprised0065.jpg, ,0,0,0,0,0,0,0,0
suprised0059.jpg," , Surprised",0,0,0,0,0,1,0,2
bored0004.jpeg, ,0,0,0,0,0,0,0,0
moviescene0044.jpeg, ,0,0,0,0,0,0,0,0
bored0073.jpeg, ,0,0,0,0,0,0,0,0
moviescene0033.jpeg, ,0,0,0,0,0,0,0,0
suprised0073.jpg," , Surprised",0,0,0,0,0,1,0,2
bored0136.jpeg, ,0,0,0,0,0,0,0,0
suprised0067.jpg, ,0,0,0,0,0,0,0,0
actions0107.jpeg, ,0,0,0,0,0,0,0,0
scary0014.jpg, ,0,0,0,0,0,0,0,0
happy0022.jpeg, ,0,0,0,0,0,0,0,0
actions0042.jpeg, ,0,0,0,0,0,0,0,0
scary0028.jpg, ,0,0,0,0,0,0,0,0
bored0024.jpeg, ,0,0,0,0,0,0,0,0
moviescene0064.jpeg, ,0,0,0,0,0,0,0,0
bored0161.jpeg," , Happy",1,0,0,0,0,0,0,6
scary0202.jpg, ,0,0,0,0,0,0,0,0
moviescene0039.jpg," , Fearful, Happy, Surprised",1,0,0,0,1,1,0,4
actions0024.jpg, ,0,0,0,0,0,0,0,0
actions0150.jpeg, ,0,0,0,0,0,0,0,0
actions0030.jpg," , Neutral, Sad",0,0,1,1,0,0,0,5
scary0216.jpg," , Disgusted",0,0,0,0,0,0,1,0
moviescene0005.jpg," , Fearful, Fearful, Neutral, Surprised",0,0,0,1,2,1,0,4
actions0018.jpg," , Happy",1,0,0,0,0,0,0,6
actions0015.jpeg, ,0,0,0,0,0,0,0,0
moviescene0011.jpg, ,0,0,0,0,0,0,0,0
bored0196.jpg, ,0,0,0,0,0,0,0,0
bored0032.jpeg," , Fearful",0,0,0,0,1,0,0,4
happy0036.jpg," , Happy, Happy, Happy",3,0,0,0,0,0,0,1
happy0022.jpg, ,0,0,0,0,0,0,0,0
bored0177.jpeg, ,0,0,0,0,0,0,0,0
actions0146.jpeg, ,0,0,0,0,0,0,0,0
happy0063.jpeg," , Fearful",0,0,0,0,1,0,0,4
actions0003.jpeg," , Angry, Neutral, Neutral, Neutral",0,1,0,3,0,0,0,5
sad0019.jpg, ,0,0,0,0,0,0,0,0
moviescene0025.jpeg," , Happy",1,0,0,0,0,0,0,6
bored0065.jpeg, ,0,0,0,0,0,0,0,0
bored0237.jpg, ,0,0,0,0,0,0,0,0
bored0120.jpeg, ,0,0,0,0,0,0,0,0
sad0031.jpg, ,0,0,0,0,0,0,0,0
sad0025.jpg, ,0,0,0,0,0,0,0,0
bored0223.jpg," , Neutral",0,0,0,1,0,0,0,5
happy0034.jpeg," , Happy",1,0,0,0,0,0,0,6
scary0174.jpg, ,0,0,0,0,0,0,0,0
actions0111.jpeg, ,0,0,0,0,0,0,0,0
scary0160.jpg," , Happy",1,0,0,0,0,0,0,6
scary0148.jpg, ,0,0,0,0,0,0,0,0
actions0054.jpeg," , Sad",0,0,1,0,0,0,0,0
scary0149.jpg," , Fearful, Fearful",0,0,0,0,2,0,0,4
scary0161.jpg," , Happy",1,0,0,0,0,0,0,6
scary0175.jpg, ,0,0,0,0,0,0,0,0
bored0222.jpg," , Sad",0,0,1,0,0,0,0,0
sad0024.jpg, ,0,0,0,0,0,0,0,0
suprised0017.jpeg, ,0,0,0,0,0,0,0,0
actions0185.jpeg, ,0,0,0,0,0,0,0,0
sad0030.jpg, ,0,0,0,0,0,0,0,0
sad0020.jpeg, ,0,0,0,0,0,0,0,0
bored0236.jpg, ,0,0,0,0,0,0,0,0
sad0018.jpg, ,0,0,0,0,0,0,0,0
bored0049.jpeg, ,0,0,0,0,0,0,0,0
moviescene0009.jpeg, ,0,0,0,0,0,0,0,0
actions0078.jpeg, ,0,0,0,0,0,0,0,0
sad0077.jpeg, ,0,0,0,0,0,0,0,0
suprised0040.jpeg," , Fearful",0,0,0,0,1,0,0,4
happy0023.jpg, ,0,0,0,0,0,0,0,0
sad0098.jpeg, ,0,0,0,0,0,0,0,0
happy0018.jpeg, ,0,0,0,0,0,0,0,0
happy0037.jpg," , Happy, Sad",1,0,1,0,0,0,0,6
actions0097.jpeg, ,0,0,0,0,0,0,0,0
actions0202.jpeg, ,0,0,0,0,0,0,0,0
bored0197.jpg, ,0,0,0,0,0,0,0,0
moviescene0010.jpg, ,0,0,0,0,0,0,0,0
moviescene0004.jpg," , Fearful",0,0,0,0,1,0,0,4
actions0019.jpg, ,0,0,0,0,0,0,0,0
actions0031.jpg," , Angry, Sad, Sad",0,1,2,0,0,0,0,0
scary0217.jpg, ,0,0,0,0,0,0,0,0
moviescene0038.jpg," , Happy, Happy",2,0,0,0,0,0,0,6
scary0203.jpg, ,0,0,0,0,0,0,0,0
actions0025.jpg, ,0,0,0,0,0,0,0,0
suprised0056.jpeg, ,0,0,0,0,0,0,0,0
sad0061.jpeg, ,0,0,0,0,0,0,0,0
actions0081.jpeg, ,0,0,0,0,0,0,0,0
scary0029.jpg, ,0,0,0,0,0,0,0,0
scary0015.jpg, ,0,0,0,0,0,0,0,0
moviescene0048.jpeg, ,0,0,0,0,0,0,0,0
bored0008.jpeg," , Surprised",0,0,0,0,0,1,0,2
scary0001.jpg," , Happy",1,0,0,0,0,0,0,6
sad0036.jpeg, ,0,0,0,0,0,0,0,0
actions0039.jpeg," , Sad",0,0,1,0,0,0,0,0
actions0193.jpeg, ,0,0,0,0,0,0,0,0
suprised0066.jpg," , Fearful, Fearful",0,0,0,0,2,0,0,4
suprised0072.jpg, ,0,0,0,0,0,0,0,0
suprised0001.jpeg," , Fearful, Surprised",0,0,0,0,1,1,0,2
happy0059.jpeg," , Happy",1,0,0,0,0,0,0,6
actions0038.jpeg, ,0,0,0,0,0,0,0,0
sad0037.jpeg, ,0,0,0,0,0,0,0,0
actions0192.jpeg, ,0,0,0,0,0,0,0,0
suprised0062.jpg, ,0,0,0,0,0,0,0,0
happy0058.jpeg, ,0,0,0,0,0,0,0,0
scary0039.jpg, ,0,0,0,0,0,0,0,0
bored0009.jpeg, ,0,0,0,0,0,0,0,0
moviescene0049.jpeg, ,0,0,0,0,0,0,0,0
scary0005.jpg, ,0,0,0,0,0,0,0,0
scary0011.jpg, ,0,0,0,0,0,0,0,0
suprised0057.jpeg," , Surprised",0,0,0,0,0,1,0,2
sad0060.jpeg, ,0,0,0,0,0,0,0,0
actions0080.jpeg, ,0,0,0,0,0,0,0,0
actions0203.jpeg," , Fearful",0,0,0,0,1,0,0,4
bored0187.jpg," , Angry",0,1,0,0,0,0,0,0
moviescene0014.jpg," , Fearful, Happy, Happy, Happy",3,0,0,0,1,0,0,1
bored0193.jpg, ,0,0,0,0,0,0,0,0
actions0009.jpg," , Angry",0,1,0,0,0,0,0,0
actions0021.jpg," , Neutral",0,0,0,1,0,0,0,5
scary0207.jpg," , Happy",1,0,0,0,0,0,0,6
moviescene0028.jpg, ,0,0,0,0,0,0,0,0
scary0213.jpg," , Sad",0,0,1,0,0,0,0,0
actions0035.jpg," , Neutral",0,0,0,1,0,0,0,5
sad0076.jpeg," , Fearful",0,0,0,0,1,0,0,4
actions0079.jpeg," , Neutral",0,0,0,1,0,0,0,5
suprised0041.jpeg," , Surprised",0,0,0,0,0,1,0,2
happy0033.jpg," , Disgusted, Happy, Happy, Happy",3,0,0,0,0,0,1,1
actions0096.jpeg, ,0,0,0,0,0,0,0,0
happy0019.jpeg, ,0,0,0,0,0,0,0,0
sad0099.jpeg, ,0,0,0,0,0,0,0,0
happy0027.jpg, ,0,0,0,0,0,0,0,0
moviescene0008.jpeg, ,0,0,0,0,0,0,0,0
bored0048.jpeg, ,0,0,0,0,0,0,0,0
bored0232.jpg, ,0,0,0,0,0,0,0,0
sad0034.jpg, ,0,0,0,0,0,0,0,0
suprised0016.jpeg, ,0,0,0,0,0,0,0,0
actions0184.jpeg, ,0,0,0,0,0,0,0,0
sad0021.jpeg, ,0,0,0,0,0,0,0,0
sad0020.jpg, ,0,0,0,0,0,0,0,0
bored0226.jpg, ,0,0,0,0,0,0,0,0
sad0008.jpg, ,0,0,0,0,0,0,0,0
scary0159.jpg, ,0,0,0,0,0,0,0,0
scary0171.jpg," , Disgusted",0,0,0,0,0,0,1,0
scary0165.jpg, ,0,0,0,0,0,0,0,0
happy0035.jpeg," , Happy",1,0,0,0,0,0,0,6
actions0110.jpeg, ,0,0,0,0,0,0,0,0
scary0164.jpg," , Sad, Surprised",0,0,1,0,0,1,0,2
suprised0082.jpeg, ,0,0,0,0,0,0,0,0
scary0170.jpg," , Happy, Neutral",1,0,0,1,0,0,0,5
scary0158.jpg," , Happy",1,0,0,0,0,0,0,6
actions0055.jpeg," , Happy",1,0,0,0,0,0,0,6
sad0009.jpg, ,0,0,0,0,0,0,0,0
bored0064.jpeg, ,0,0,0,0,0,0,0,0
moviescene0024.jpeg," , Fearful",0,0,0,0,1,0,0,4
bored0227.jpg, ,0,0,0,0,0,0,0,0
sad0021.jpg," , Surprised",0,0,0,0,0,1,0,2
bored0121.jpeg, ,0,0,0,0,0,0,0,0
sad0035.jpg, ,0,0,0,0,0,0,0,0
bored0233.jpg, ,0,0,0,0,0,0,0,0
actions0147.jpeg, ,0,0,0,0,0,0,0,0
happy0062.jpeg, ,0,0,0,0,0,0,0,0
actions0002.jpeg, ,0,0,0,0,0,0,0,0
bored0033.jpeg," , Fearful",0,0,0,0,1,0,0,4
happy0026.jpg," , Happy",1,0,0,0,0,0,0,6
happy0032.jpg," , Happy, Happy, Happy, Happy, Happy, Happy, Happy",7,0,0,0,0,0,0,3
bored0176.jpeg," , Happy",1,0,0,0,0,0,0,6
scary0212.jpg, ,0,0,0,0,0,0,0,0
moviescene0029.jpg," , Happy, Happy",2,0,0,0,0,0,0,6
actions0034.jpg, ,0,0,0,0,0,0,0,0
actions0151.jpeg," , Fearful",0,0,0,0,1,0,0,4
actions0020.jpg," , Fearful",0,0,0,0,1,0,0,4
scary0206.jpg, ,0,0,0,0,0,0,0,0
bored0192.jpg, ,0,0,0,0,0,0,0,0
moviescene0015.jpg, ,0,0,0,0,0,0,0,0
actions0008.jpg," , Happy",1,0,0,0,0,0,0,6
actions0014.jpeg, ,0,0,0,0,0,0,0,0
bored0186.jpg, ,0,0,0,0,0,0,0,0
moviescene0001.jpg, ,0,0,0,0,0,0,0,0
bored0025.jpeg, ,0,0,0,0,0,0,0,0
bored0160.jpeg, ,0,0,0,0,0,0,0,0
scary0010.jpg, ,0,0,0,0,0,0,0,0
scary0004.jpg," , Neutral, Surprised",0,0,0,1,0,1,0,2
actions0106.jpeg, ,0,0,0,0,0,0,0,0
happy0023.jpeg, ,0,0,0,0,0,0,0,0
actions0043.jpeg, ,0,0,0,0,0,0,0,0
scary0038.jpg, ,0,0,0,0,0,0,0,0
moviescene0032.jpeg, ,0,0,0,0,0,0,0,0
bored0072.jpeg, ,0,0,0,0,0,0,0,0
suprised0063.jpg," , Surprised, Surprised",0,0,0,0,0,2,0,2
bored0137.jpeg, ,0,0,0,0,0,0,0,0
suprised0061.jpg," , Surprised",0,0,0,0,0,1,0,2
bored0140.jpeg, ,0,0,0,0,0,0,0,0
suprised0049.jpg," , Happy",1,0,0,0,0,0,0,6
moviescene0045.jpeg, ,0,0,0,0,0,0,0,0
bored0005.jpeg, ,0,0,0,0,0,0,0,0
actions0034.jpeg, ,0,0,0,0,0,0,0,0
happy0054.jpeg, ,0,0,0,0,0,0,0,0
scary0012.jpg, ,0,0,0,0,0,0,0,0
actions0171.jpeg, ,0,0,0,0,0,0,0,0
scary0006.jpg, ,0,0,0,0,0,0,0,0
bored0117.jpeg," , Surprised",0,0,0,0,0,1,0,2
moviescene0012.jpeg, ,0,0,0,0,0,0,0,0
bored0052.jpeg," , Neutral",0,0,0,1,0,0,0,5
actions0063.jpeg, ,0,0,0,0,0,0,0,0
bored0190.jpg, ,0,0,0,0,0,0,0,0
moviescene0017.jpg, ,0,0,0,0,0,0,0,0
moviescene0003.jpg, ,0,0,0,0,0,0,0,0
actions0036.jpg," , Fearful",0,0,0,0,1,0,0,4
scary0210.jpg, ,0,0,0,0,0,0,0,0
scary0204.jpg, ,0,0,0,0,0,0,0,0
actions0126.jpeg," , Fearful",0,0,0,0,1,0,0,4
actions0022.jpg," , Angry, Fearful",0,1,0,0,1,0,0,4
sad0083.jpeg, ,0,0,0,0,0,0,0,0
happy0003.jpeg, ,0,0,0,0,0,0,0,0
happy0018.jpg, ,0,0,0,0,0,0,0,0
bored0101.jpeg, ,0,0,0,0,0,0,0,0
happy0024.jpg, ,0,0,0,0,0,0,0,0
bored0044.jpeg," , Happy",1,0,0,0,0,0,0,6
moviescene0004.jpeg," , Fearful",0,0,0,0,1,0,0,4
happy0030.jpg," , Happy, Happy",2,0,0,0,0,0,0,6
actions0075.jpeg, ,0,0,0,0,0,0,0,0
sad0095.jpeg, ,0,0,0,0,0,0,0,0
happy0015.jpeg, ,0,0,0,0,0,0,0,0
actions0130.jpeg, ,0,0,0,0,0,0,0,0
sad0023.jpg, ,0,0,0,0,0,0,0,0
scary0199.jpg, ,0,0,0,0,0,0,0,0
bored0225.jpg," , Angry",0,1,0,0,0,0,0,0
bored0156.jpeg," , Surprised",0,0,0,0,0,1,0,2
bored0231.jpg," , Fearful",0,0,0,0,1,0,0,4
sad0037.jpg," , Happy, Neutral",1,0,0,1,0,0,0,5
bored0219.jpg," , Fearful, Happy, Sad",1,0,1,0,1,0,0,4
bored0013.jpeg, ,0,0,0,0,0,0,0,0
moviescene0053.jpeg," , Angry",0,1,0,0,0,0,0,0
actions0022.jpeg, ,0,0,0,0,0,0,0,0
actions0188.jpeg," , Happy",1,0,0,0,0,0,0,6
scary0166.jpg," , Angry, Fearful",0,1,0,0,1,0,0,4
actions0167.jpeg," , Fearful",0,0,0,0,1,0,0,4
happy0042.jpeg," , Happy, Happy, Happy, Happy, Happy, Happy, Happy",7,0,0,0,0,0,0,3
scary0172.jpg, ,0,0,0,0,0,0,0,0
moviescene0028.jpeg, ,0,0,0,0,0,0,0,0
bored0068.jpeg," , Neutral",0,0,0,1,0,0,0,5
scary0173.jpg," , Angry, Fearful",0,1,0,0,1,0,0,4
scary0167.jpg," , Happy, Neutral",1,0,0,1,0,0,0,5
bored0087.jpeg, ,0,0,0,0,0,0,0,0
bored0218.jpg," , Happy",1,0,0,0,0,0,0,6
happy0039.jpeg," , Happy",1,0,0,0,0,0,0,6
sad0056.jpeg, ,0,0,0,0,0,0,0,0
actions0059.jpeg, ,0,0,0,0,0,0,0,0
sad0036.jpg, ,0,0,0,0,0,0,0,0
bored0230.jpg, ,0,0,0,0,0,0,0,0
bored0224.jpg, ,0,0,0,0,0,0,0,0
scary0198.jpg, ,0,0,0,0,0,0,0,0
suprised0061.jpeg," , Happy",1,0,0,0,0,0,0,6
sad0022.jpg, ,0,0,0,0,0,0,0,0
happy0031.jpg, ,0,0,0,0,0,0,0,0
happy0025.jpg, ,0,0,0,0,0,0,0,0
suprised0036.jpeg," , Surprised",0,0,0,0,0,1,0,2
happy0019.jpg, ,0,0,0,0,0,0,0,0
sad0001.jpeg," , Fearful",0,0,0,0,1,0,0,4
bored0029.jpeg, ,0,0,0,0,0,0,0,0
scary0205.jpg, ,0,0,0,0,0,0,0,0
bored0183.jpeg, ,0,0,0,0,0,0,0,0
actions0023.jpg, ,0,0,0,0,0,0,0,0
actions0037.jpg," , Angry",0,1,0,0,0,0,0,0
scary0211.jpg," , Angry, Fearful",0,1,0,0,1,0,0,4
moviescene0002.jpg," , Fearful, Happy",1,0,0,0,1,0,0,4
moviescene0016.jpg," , Happy",1,0,0,0,0,0,0,6
bored0191.jpg, ,0,0,0,0,0,0,0,0
actions0018.jpeg, ,0,0,0,0,0,0,0,0
sad0017.jpeg, ,0,0,0,0,0,0,0,0
suprised0020.jpeg," , Surprised",0,0,0,0,0,1,0,2
scary0007.jpg, ,0,0,0,0,0,0,0,0
scary0013.jpg, ,0,0,0,0,0,0,0,0
bored0091.jpeg, ,0,0,0,0,0,0,0,0
suprised0048.jpg," , Fearful",0,0,0,0,1,0,0,4
suprised0077.jpeg," , Fearful",0,0,0,0,1,0,0,4
sad0040.jpeg, ,0,0,0,0,0,0,0,0
suprised0060.jpg, ,0,0,0,0,0,0,0,0
bored0075.jpeg, ,0,0,0,0,0,0,0,0
moviescene0035.jpeg," , Fearful, Fearful, Fearful, Neutral",0,0,0,1,3,0,0,4
bored0130.jpeg, ,0,0,0,0,0,0,0,0
suprised0007.jpg, ,0,0,0,0,0,0,0,0
suprised0013.jpg," , Surprised",0,0,0,0,0,1,0,2
actions0101.jpeg," , Angry",0,1,0,0,0,0,0,0
scary0074.jpg, ,0,0,0,0,0,0,0,0
happy0024.jpeg, ,0,0,0,0,0,0,0,0
scary0060.jpg," , Happy, Surprised",1,0,0,0,0,1,0,2
scary0048.jpg, ,0,0,0,0,0,0,0,0
actions0044.jpeg, ,0,0,0,0,0,0,0,0
bored0022.jpeg, ,0,0,0,0,0,0,0,0
moviescene0062.jpeg, ,0,0,0,0,0,0,0,0
bored0167.jpeg, ,0,0,0,0,0,0,0,0
actions0050.jpg," , Sad",0,0,1,0,0,0,0,0
moviescene0059.jpg," , Angry, Happy, Sad, Sad",1,1,2,0,0,0,0,6
actions0044.jpg, ,0,0,0,0,0,0,0,0
actions0156.jpeg, ,0,0,0,0,0,0,0,0
moviescene0071.jpg, ,0,0,0,0,0,0,0,0
actions0013.jpeg, ,0,0,0,0,0,0,0,0
moviescene0065.jpg," , Fearful, Happy, Neutral, Surprised",1,0,0,1,1,1,0,5
happy0042.jpg," , Happy, Happy, Happy, Happy, Happy",5,0,0,0,0,0,0,1
bored0034.jpeg, ,0,0,0,0,0,0,0,0
happy0056.jpg, ,0,0,0,0,0,0,0,0
bored0171.jpeg, ,0,0,0,0,0,0,0,0
actions0140.jpeg, ,0,0,0,0,0,0,0,0
happy0065.jpeg, ,0,0,0,0,0,0,0,0
actions0005.jpeg, ,0,0,0,0,0,0,0,0
moviescene0023.jpeg, ,0,0,0,0,0,0,0,0
bored0063.jpeg, ,0,0,0,0,0,0,0,0
bored0243.jpg, ,0,0,0,0,0,0,0,0
sad0045.jpg, ,0,0,0,0,0,0,0,0
bored0126.jpeg, ,0,0,0,0,0,0,0,0
sad0051.jpg, ,0,0,0,0,0,0,0,0
scary0100.jpg," , Surprised",0,0,0,0,0,1,0,2
happy0032.jpeg," , Happy",1,0,0,0,0,0,0,6
scary0114.jpg," , Fearful",0,0,0,0,1,0,0,4
actions0117.jpeg," , Neutral",0,0,0,1,0,0,0,5
actions0052.jpeg, ,0,0,0,0,0,0,0,0
scary0128.jpg, ,0,0,0,0,0,0,0,0
scary0129.jpg, ,0,0,0,0,0,0,0,0
bored0018.jpeg, ,0,0,0,0,0,0,0,0
scary0115.jpg, ,0,0,0,0,0,0,0,0
moviescene0058.jpeg," , Neutral",0,0,0,1,0,0,0,5
scary0101.jpg, ,0,0,0,0,0,0,0,0
actions0183.jpeg," , Neutral, Sad",0,0,1,1,0,0,0,5
sad0050.jpg, ,0,0,0,0,0,0,0,0
actions0029.jpeg, ,0,0,0,0,0,0,0,0
sad0026.jpeg, ,0,0,0,0,0,0,0,0
sad0044.jpg, ,0,0,0,0,0,0,0,0
bored0242.jpg," , Happy",1,0,0,0,0,0,0,6
suprised0011.jpeg, ,0,0,0,0,0,0,0,0
happy0049.jpeg, ,0,0,0,0,0,0,0,0
suprised0046.jpeg," , Surprised",0,0,0,0,0,1,0,2
sad0071.jpeg, ,0,0,0,0,0,0,0,0
happy0057.jpg," , Happy",1,0,0,0,0,0,0,6
actions0091.jpeg, ,0,0,0,0,0,0,0,0
happy0043.jpg, ,0,0,0,0,0,0,0,0
moviescene0064.jpg, ,0,0,0,0,0,0,0,0
actions0204.jpeg, ,0,0,0,0,0,0,0,0
moviescene0070.jpg, ,0,0,0,0,0,0,0,0
moviescene0058.jpg," , Neutral",0,0,0,1,0,0,0,5
moviescene0019.jpeg, ,0,0,0,0,0,0,0,0
bored0059.jpeg, ,0,0,0,0,0,0,0,0
actions0045.jpg, ,0,0,0,0,0,0,0,0
actions0051.jpg, ,0,0,0,0,0,0,0,0
sad0067.jpeg, ,0,0,0,0,0,0,0,0
actions0068.jpeg, ,0,0,0,0,0,0,0,0
suprised0050.jpeg, ,0,0,0,0,0,0,0,0
actions0087.jpeg, ,0,0,0,0,0,0,0,0
sad0088.jpeg, ,0,0,0,0,0,0,0,0
happy0008.jpeg," , Happy",1,0,0,0,0,0,0,6
scary0049.jpg," , Sad",0,0,1,0,0,0,0,0
scary0061.jpg, ,0,0,0,0,0,0,0,0
scary0075.jpg, ,0,0,0,0,0,0,0,0
suprised0007.jpeg," , Happy",1,0,0,0,0,0,0,6
suprised0012.jpg," , Surprised",0,0,0,0,0,1,0,2
sad0030.jpeg, ,0,0,0,0,0,0,0,0
suprised0006.jpg," , Surprised",0,0,0,0,0,1,0,2
actions0195.jpeg," , Happy, Sad",1,0,1,0,0,0,0,6
suprised0038.jpg," , Surprised",0,0,0,0,0,1,0,2
happy0028.jpeg, ,0,0,0,0,0,0,0,0
sad0102.jpeg, ,0,0,0,0,0,0,0,0
suprised0010.jpg, ,0,0,0,0,0,0,0,0
sad0047.jpeg, ,0,0,0,0,0,0,0,0
actions0048.jpeg," , Sad, Surprised",0,0,1,0,0,1,0,2
suprised0004.jpg," , Happy",1,0,0,0,0,0,0,6
scary0088.jpg, ,0,0,0,0,0,0,0,0
suprised0070.jpeg, ,0,0,0,0,0,0,0,0
scary0063.jpg, ,0,0,0,0,0,0,0,0
moviescene0039.jpeg," , Fearful",0,0,0,0,1,0,0,4
bored0079.jpeg, ,0,0,0,0,0,0,0,0
scary0077.jpg," , Happy, Neutral",1,0,0,1,0,0,0,5
bored0096.jpeg, ,0,0,0,0,0,0,0,0
suprised0027.jpeg," , Surprised",0,0,0,0,0,1,0,2
sad0010.jpeg, ,0,0,0,0,0,0,0,0
actions0047.jpg," , Happy",1,0,0,0,0,0,0,6
actions0053.jpg, ,0,0,0,0,0,0,0,0
bored0184.jpeg, ,0,0,0,0,0,0,0,0
moviescene0066.jpg," , Happy",1,0,0,0,0,0,0,6
moviescene0072.jpg, ,0,0,0,0,0,0,0,0
happy0055.jpg," , Fearful, Happy, Happy, Happy, Happy, Happy, Happy, Happy",7,0,0,0,1,0,0,3
happy0069.jpeg," , Happy",1,0,0,0,0,0,0,6
happy0041.jpg, ,0,0,0,0,0,0,0,0
happy0069.jpg, ,0,0,0,0,0,0,0,0
actions0009.jpeg, ,0,0,0,0,0,0,0,0
sad0006.jpeg, ,0,0,0,0,0,0,0,0
suprised0031.jpeg," , Surprised",0,0,0,0,0,1,0,2
bored0038.jpeg, ,0,0,0,0,0,0,0,0
sad0052.jpg, ,0,0,0,0,0,0,0,0
suprised0066.jpeg, ,0,0,0,0,0,0,0,0
sad0051.jpeg, ,0,0,0,0,0,0,0,0
bored0240.jpg, ,0,0,0,0,0,0,0,0
sad0046.jpg, ,0,0,0,0,0,0,0,0
scary0117.jpg, ,0,0,0,0,0,0,0,0
scary0103.jpg, ,0,0,0,0,0,0,0,0
bored0080.jpeg, ,0,0,0,0,0,0,0,0
actions0025.jpeg, ,0,0,0,0,0,0,0,0
actions0160.jpeg, ,0,0,0,0,0,0,0,0
scary0102.jpg," , Fearful",0,0,0,0,1,0,0,4
happy0045.jpeg," , Happy, Happy",2,0,0,0,0,0,0,6
scary0116.jpg, ,0,0,0,0,0,0,0,0
bored0151.jpeg, ,0,0,0,0,0,0,0,0
sad0047.jpg, ,0,0,0,0,0,0,0,0
bored0241.jpg, ,0,0,0,0,0,0,0,0
sad0053.jpg, ,0,0,0,0,0,0,0,0
moviescene0054.jpeg, ,0,0,0,0,0,0,0,0
bored0014.jpeg," , Surprised",0,0,0,0,0,1,0,2
actions0072.jpeg, ,0,0,0,0,0,0,0,0
happy0012.jpeg, ,0,0,0,0,0,0,0,0
sad0092.jpeg, ,0,0,0,0,0,0,0,0
actions0137.jpeg, ,0,0,0,0,0,0,0,0
happy0068.jpg, ,0,0,0,0,0,0,0,0
bored0106.jpeg, ,0,0,0,0,0,0,0,0
moviescene0003.jpeg, ,0,0,0,0,0,0,0,0
happy0040.jpg, ,0,0,0,0,0,0,0,0
bored0043.jpeg, ,0,0,0,0,0,0,0,0
happy0054.jpg, ,0,0,0,0,0,0,0,0
moviescene0073.jpg, ,0,0,0,0,0,0,0,0
actions0064.jpeg," , Happy",1,0,0,0,0,0,0,6
moviescene0067.jpg, ,0,0,0,0,0,0,0,0
actions0121.jpeg, ,0,0,0,0,0,0,0,0
happy0004.jpeg," , Happy, Happy, Happy, Happy",4,0,0,0,0,0,0,1
sad0084.jpeg, ,0,0,0,0,0,0,0,0
actions0052.jpg, ,0,0,0,0,0,0,0,0
actions0046.jpg, ,0,0,0,0,0,0,0,0
bored0110.jpeg, ,0,0,0,0,0,0,0,0
bored0055.jpeg, ,0,0,0,0,0,0,0,0
moviescene0015.jpeg, ,0,0,0,0,0,0,0,0
actions0199.jpeg, ,0,0,0,0,0,0,0,0
actions0033.jpeg, ,0,0,0,0,0,0,0,0
scary0076.jpg, ,0,0,0,0,0,0,0,0
scary0062.jpg, ,0,0,0,0,0,0,0,0
happy0053.jpeg, ,0,0,0,0,0,0,0,0
actions0176.jpeg, ,0,0,0,0,0,0,0,0
suprised0005.jpg," , Surprised",0,0,0,0,0,1,0,2
scary0089.jpg, ,0,0,0,0,0,0,0,0
bored0147.jpeg, ,0,0,0,0,0,0,0,0
suprised0011.jpg," , Surprised",0,0,0,0,0,1,0,2
suprised0039.jpg," , Surprised",0,0,0,0,0,1,0,2
bored0002.jpeg," , Fearful",0,0,0,0,1,0,0,4
moviescene0042.jpeg, ,0,0,0,0,0,0,0,0
suprised0015.jpg, ,0,0,0,0,0,0,0,0
scary0099.jpg," , Fearful",0,0,0,0,1,0,0,4
bored0146.jpeg, ,0,0,0,0,0,0,0,0
suprised0001.jpg," , Fearful",0,0,0,0,1,0,0,4
suprised0029.jpg, ,0,0,0,0,0,0,0,0
moviescene0043.jpeg," , Neutral, Sad",0,0,1,1,0,0,0,5
bored0003.jpeg, ,0,0,0,0,0,0,0,0
actions0198.jpeg," , Angry, Sad",0,1,1,0,0,0,0,0
actions0032.jpeg, ,0,0,0,0,0,0,0,0
scary0066.jpg," , Fearful, Happy",1,0,0,0,1,0,0,4
scary0072.jpg, ,0,0,0,0,0,0,0,0
happy0052.jpeg," , Happy, Happy, Happy",3,0,0,0,0,0,0,1
actions0177.jpeg, ,0,0,0,0,0,0,0,0
bored0111.jpeg," , Neutral",0,0,0,1,0,0,0,5
moviescene0014.jpeg, ,0,0,0,0,0,0,0,0
bored0054.jpeg, ,0,0,0,0,0,0,0,0
moviescene0063.jpg," , Fearful, Happy, Surprised",1,0,0,0,1,1,0,4
actions0065.jpeg, ,0,0,0,0,0,0,0,0
moviescene0077.jpg, ,0,0,0,0,0,0,0,0
actions0120.jpeg, ,0,0,0,0,0,0,0,0
actions0042.jpg," , Neutral",0,0,0,1,0,0,0,5
sad0085.jpeg, ,0,0,0,0,0,0,0,0
happy0005.jpeg," , Happy",1,0,0,0,0,0,0,6
actions0056.jpg," , Fearful",0,0,0,0,1,0,0,4
happy0078.jpg," , Happy, Happy, Happy",3,0,0,0,0,0,0,1
bored0107.jpeg, ,0,0,0,0,0,0,0,0
bored0042.jpeg," , Fearful",0,0,0,0,1,0,0,4
moviescene0002.jpeg," , Sad",0,0,1,0,0,0,0,0
happy0050.jpg," , Happy",1,0,0,0,0,0,0,6
happy0044.jpg," , Fearful, Happy, Happy",2,0,0,0,1,0,0,6
actions0073.jpeg, ,0,0,0,0,0,0,0,0
sad0093.jpeg, ,0,0,0,0,0,0,0,0
happy0013.jpeg," , Happy",1,0,0,0,0,0,0,6
actions0136.jpeg, ,0,0,0,0,0,0,0,0
bored0150.jpeg, ,0,0,0,0,0,0,0,0
sad0057.jpg, ,0,0,0,0,0,0,0,0
bored0251.jpg, ,0,0,0,0,0,0,0,0
bored0245.jpg," , Fearful",0,0,0,0,1,0,0,4
sad0043.jpg, ,0,0,0,0,0,0,0,0
bored0015.jpeg, ,0,0,0,0,0,0,0,0
moviescene0055.jpeg," , Angry, Neutral",0,1,0,1,0,0,0,5
actions0024.jpeg, ,0,0,0,0,0,0,0,0
actions0161.jpeg, ,0,0,0,0,0,0,0,0
scary0112.jpg, ,0,0,0,0,0,0,0,0
happy0044.jpeg," , Happy",1,0,0,0,0,0,0,6
scary0106.jpg, ,0,0,0,0,0,0,0,0
scary0107.jpg," , Surprised",0,0,0,0,0,1,0,2
scary0113.jpg, ,0,0,0,0,0,0,0,0
bored0081.jpeg, ,0,0,0,0,0,0,0,0
suprised0067.jpeg, ,0,0,0,0,0,0,0,0
sad0042.jpg, ,0,0,0,0,0,0,0,0
bored0244.jpg, ,0,0,0,0,0,0,0,0
sad0050.jpeg, ,0,0,0,0,0,0,0,0
bored0250.jpg, ,0,0,0,0,0,0,0,0
sad0056.jpg, ,0,0,0,0,0,0,0,0
bored0039.jpeg, ,0,0,0,0,0,0,0,0
happy0045.jpg," , Happy, Happy",2,0,0,0,0,0,0,6
happy0068.jpeg, ,0,0,0,0,0,0,0,0
happy0051.jpg, ,0,0,0,0,0,0,0,0
sad0007.jpeg, ,0,0,0,0,0,0,0,0
actions0008.jpeg," , Neutral, Sad",0,0,1,1,0,0,0,5
suprised0030.jpeg, ,0,0,0,0,0,0,0,0
actions0057.jpg," , Angry, Neutral, Neutral, Neutral",0,1,0,3,0,0,0,5
bored0185.jpeg, ,0,0,0,0,0,0,0,0
actions0043.jpg," , Sad, Sad",0,0,2,0,0,0,0,0
moviescene0076.jpg," , Fearful, Neutral",0,0,0,1,1,0,0,5
moviescene0062.jpg," , Happy, Neutral",1,0,0,1,0,0,0,5
suprised0026.jpeg, ,0,0,0,0,0,0,0,0
sad0011.jpeg, ,0,0,0,0,0,0,0,0
scary0073.jpg," , Fearful, Sad",0,0,1,0,1,0,0,4
bored0078.jpeg, ,0,0,0,0,0,0,0,0
moviescene0038.jpeg, ,0,0,0,0,0,0,0,0
scary0067.jpg, ,0,0,0,0,0,0,0,0
bored0097.jpeg, ,0,0,0,0,0,0,0,0
suprised0028.jpg," , Surprised",0,0,0,0,0,1,0,2
happy0029.jpeg, ,0,0,0,0,0,0,0,0
sad0103.jpeg, ,0,0,0,0,0,0,0,0
actions0049.jpeg, ,0,0,0,0,0,0,0,0
sad0046.jpeg, ,0,0,0,0,0,0,0,0
suprised0014.jpg, ,0,0,0,0,0,0,0,0
scary0098.jpg," , Fearful, Surprised",0,0,0,0,1,1,0,2
suprised0071.jpeg, ,0,0,0,0,0,0,0,0
suprised0006.jpeg," , Surprised",0,0,0,0,0,1,0,2
suprised0002.jpg," , Neutral",0,0,0,1,0,0,0,5
sad0031.jpeg, ,0,0,0,0,0,0,0,0
suprised0016.jpg," , Surprised, Surprised",0,0,0,0,0,2,0,2
actions0194.jpeg," , Sad",0,0,1,0,0,0,0,0
scary0059.jpg, ,0,0,0,0,0,0,0,0
scary0071.jpg, ,0,0,0,0,0,0,0,0
scary0065.jpg, ,0,0,0,0,0,0,0,0
actions0069.jpeg," , Fearful",0,0,0,0,1,0,0,4
sad0066.jpeg, ,0,0,0,0,0,0,0,0
suprised0051.jpeg, ,0,0,0,0,0,0,0,0
happy0009.jpeg, ,0,0,0,0,0,0,0,0
sad0089.jpeg, ,0,0,0,0,0,0,0,0
actions0086.jpeg, ,0,0,0,0,0,0,0,0
moviescene0074.jpg," , Fearful",0,0,0,0,1,0,0,4
actions0069.jpg, ,0,0,0,0,0,0,0,0
moviescene0060.jpg, ,0,0,0,0,0,0,0,0
moviescene0048.jpg, ,0,0,0,0,0,0,0,0
bored0058.jpeg, ,0,0,0,0,0,0,0,0
actions0055.jpg," , Fearful",0,0,0,0,1,0,0,4
moviescene0018.jpeg, ,0,0,0,0,0,0,0,0
actions0041.jpg, ,0,0,0,0,0,0,0,0
suprised0047.jpeg, ,0,0,0,0,0,0,0,0
sad0070.jpeg, ,0,0,0,0,0,0,0,0
actions0090.jpeg," , Angry, Happy",1,1,0,0,0,0,0,6
happy0047.jpg," , Fearful, Happy, Happy",2,0,0,0,1,0,0,6
happy0053.jpg," , Happy, Happy, Happy, Happy, Happy",5,0,0,0,0,0,0,1
actions0182.jpeg," , Angry",0,1,0,0,0,0,0,0
bored0246.jpg, ,0,0,0,0,0,0,0,0
sad0027.jpeg, ,0,0,0,0,0,0,0,0
sad0040.jpg, ,0,0,0,0,0,0,0,0
actions0028.jpeg, ,0,0,0,0,0,0,0,0
sad0054.jpg, ,0,0,0,0,0,0,0,0
bored0252.jpg, ,0,0,0,0,0,0,0,0
suprised0010.jpeg," , Surprised",0,0,0,0,0,1,0,2
sad0068.jpg, ,0,0,0,0,0,0,0,0
happy0048.jpeg, ,0,0,0,0,0,0,0,0
scary0139.jpg," , Fearful, Neutral",0,0,0,1,1,0,0,5
moviescene0059.jpeg, ,0,0,0,0,0,0,0,0
scary0105.jpg, ,0,0,0,0,0,0,0,0
bored0019.jpeg, ,0,0,0,0,0,0,0,0
scary0111.jpg," , Angry, Fearful, Happy, Neutral",1,1,0,1,1,0,0,5
scary0110.jpg," , Neutral, Surprised",0,0,0,1,0,1,0,2
happy0033.jpeg," , Disgusted, Happy",1,0,0,0,0,0,1,6
actions0116.jpeg, ,0,0,0,0,0,0,0,0
scary0104.jpg, ,0,0,0,0,0,0,0,0
actions0053.jpeg, ,0,0,0,0,0,0,0,0
scary0138.jpg," , Neutral",0,0,0,1,0,0,0,5
sad0069.jpg, ,0,0,0,0,0,0,0,0
bored0062.jpeg, ,0,0,0,0,0,0,0,0
moviescene0022.jpeg, ,0,0,0,0,0,0,0,0
bored0253.jpg, ,0,0,0,0,0,0,0,0
sad0055.jpg, ,0,0,0,0,0,0,0,0
sad0041.jpg," , Neutral",0,0,0,1,0,0,0,5
bored0127.jpeg, ,0,0,0,0,0,0,0,0
bored0247.jpg, ,0,0,0,0,0,0,0,0
actions0141.jpeg, ,0,0,0,0,0,0,0,0
happy0064.jpeg," , Happy",1,0,0,0,0,0,0,6
actions0004.jpeg, ,0,0,0,0,0,0,0,0
happy0052.jpg, ,0,0,0,0,0,0,0,0
bored0035.jpeg, ,0,0,0,0,0,0,0,0
happy0046.jpg," , Fearful, Fearful, Happy, Happy, Happy, Happy",4,0,0,0,2,0,0,1
bored0170.jpeg, ,0,0,0,0,0,0,0,0
actions0040.jpg, ,0,0,0,0,0,0,0,0
moviescene0049.jpg," , Fearful, Happy, Sad, Sad, Sad, Sad",1,0,4,0,1,0,0,4
actions0054.jpg, ,0,0,0,0,0,0,0,0
actions0157.jpeg, ,0,0,0,0,0,0,0,0
moviescene0061.jpg," , Neutral",0,0,0,1,0,0,0,5
actions0012.jpeg, ,0,0,0,0,0,0,0,0
moviescene0075.jpg," , Neutral",0,0,0,1,0,0,0,5
actions0068.jpg, ,0,0,0,0,0,0,0,0
moviescene0063.jpeg, ,0,0,0,0,0,0,0,0
bored0023.jpeg, ,0,0,0,0,0,0,0,0
bored0166.jpeg, ,0,0,0,0,0,0,0,0
scary0064.jpg," , Neutral",0,0,0,1,0,0,0,5
actions0100.jpeg, ,0,0,0,0,0,0,0,0
happy0025.jpeg," , Happy",1,0,0,0,0,0,0,6
scary0070.jpg, ,0,0,0,0,0,0,0,0
scary0058.jpg, ,0,0,0,0,0,0,0,0
actions0045.jpeg," , Neutral",0,0,0,1,0,0,0,5
moviescene0034.jpeg, ,0,0,0,0,0,0,0,0
bored0074.jpeg, ,0,0,0,0,0,0,0,0
bored0131.jpeg, ,0,0,0,0,0,0,0,0
suprised0017.jpg," , Surprised",0,0,0,0,0,1,0,2
suprised0003.jpg, ,0,0,0,0,0,0,0,0
